<?xml version="1.0" encoding="utf-8"?>
<Tables Version="9.6.6441.21718" NameSpace="XCode.Sharding" ConnName="Shard" Output="">
  <Table Name="Shard" Description="分片" DbType="SqlServer">
    <Columns>
      <Column Name="ID" DataType="Int32" Identity="True" PrimaryKey="True" Description="编号" />
      <Column Name="Name" DataType="String" Master="True" Nullable="False" Description="名称" />
      <Column Name="EntityType" DataType="String" Description="实体类" />
      <Column Name="ConnName" DataType="String" Description="连接名" />
      <Column Name="TableName" DataType="String" Description="表名" />
      <Column Name="CreateUserID" DataType="Int32" Description="创建者" />
      <Column Name="CreateIP" DataType="String" Description="创建地址" />
      <Column Name="CreateTime" DataType="DateTime" Description="创建时间" />
      <Column Name="UpdateUserID" DataType="Int32" Description="更新者" />
      <Column Name="UpdateIP" DataType="String" Description="更新地址" />
      <Column Name="UpdateTime" DataType="DateTime" Description="更新时间" />
      <Column Name="Remark" DataType="String" Length="500" Description="备注" />
    </Columns>
    <Indexes>
      <Index Columns="Name" Unique="True" />
      <Index Columns="EntityType" />
      <Index Columns="UpdateUserID,UpdateTime" />
    </Indexes>
  </Table>
</Tables>